{"cameraMode":{"drawMode":0,"name":"Shaded","section":"Shading Mode"},"sceneLighting":false,"audioPlay":false,"sceneViewState":{"showFog":false,"showMaterialUpdate":false,"showSkybox":false,"showFlares":false,"showImageEffects":false,"showParticleSystems":false},"in2DMode":false,"pivot":{"x":-33.27392578125,"y":-9.054781913757325,"z":344.80047607421877},"rotation":{"x":-0.012307919561862946,"y":-0.019264493137598039,"z":0.0002163692843168974,"w":-0.9998094439506531},"size":105.82316589355469,"orthographic":false}