{"cameraMode":{"drawMode":0,"name":"Shaded","section":"Shading Mode"},"sceneLighting":false,"audioPlay":false,"sceneViewState":{"showFog":false,"showMaterialUpdate":false,"showSkybox":false,"showFlares":false,"showImageEffects":false,"showParticleSystems":false},"in2DMode":false,"pivot":{"x":-0.7809906601905823,"y":3.518704891204834,"z":3.5590591430664064},"rotation":{"x":-0.02277115173637867,"y":-0.9215275049209595,"z":0.38398420810699465,"w":-0.05444618687033653},"size":1.2247453927993775,"orthographic":false}