{"cameraMode":{"drawMode":0,"name":"Shaded","section":"Shading Mode"},"sceneLighting":false,"audioPlay":false,"sceneViewState":{"showFog":false,"showMaterialUpdate":false,"showSkybox":false,"showFlares":false,"showImageEffects":false,"showParticleSystems":false},"in2DMode":false,"pivot":{"x":9.192801475524903,"y":2.415370464324951,"z":2.9372494220733644},"rotation":{"x":0.04375153034925461,"y":0.7216519713401794,"z":-0.045704830437898639,"w":0.6894382238388062},"size":3.211308240890503,"orthographic":false}