{"cameraMode":{"drawMode":0,"name":"Shaded","section":"Shading Mode"},"sceneLighting":true,"audioPlay":false,"sceneViewState":{"showFog":false,"showMaterialUpdate":false,"showSkybox":true,"showFlares":false,"showImageEffects":false,"showParticleSystems":false},"in2DMode":false,"pivot":{"x":24.371580123901368,"y":51.42084503173828,"z":47.764427185058597},"rotation":{"x":-0.19502799212932588,"y":-0.7691428065299988,"z":0.2766844630241394,"w":-0.5421932339668274},"size":1.3185527324676514,"orthographic":false}