{"cameraMode":{"drawMode":0,"name":"Shaded","section":"Shading Mode"},"sceneLighting":false,"audioPlay":false,"sceneViewState":{"showFog":false,"showMaterialUpdate":false,"showSkybox":false,"showFlares":false,"showImageEffects":false,"showParticleSystems":false},"in2DMode":false,"pivot":{"x":-0.39775872230529787,"y":0.9854607582092285,"z":6.735326766967773},"rotation":{"x":0.014647413045167923,"y":0.9798998236656189,"z":-0.0783698707818985,"w":0.18309985101222993},"size":0.6769023537635803,"orthographic":false}