{"cameraMode":{"drawMode":0,"name":"Shaded","section":"Shading Mode"},"sceneLighting":false,"audioPlay":false,"sceneViewState":{"showFog":false,"showMaterialUpdate":false,"showSkybox":false,"showFlares":false,"showImageEffects":false,"showParticleSystems":false},"in2DMode":false,"pivot":{"x":2.1507058143615724,"y":6.059686660766602,"z":1.2423944473266602},"rotation":{"x":0.017747871577739717,"y":0.9773505926132202,"z":-0.09147124737501145,"w":0.1902264654636383},"size":5.176902770996094,"orthographic":false}